file	target
R/package_metadata/finished_features/m_out_of_n_bootstrap_implementation_spec.md	../package_tests/path_audit_hardening_report.md
R/package_metadata/finished_features/m_out_of_n_bootstrap_implementation_spec.md	optimizer_diagnostics_report.md
R/package_metadata/finished_features/m_out_of_n_bootstrap_implementation_spec.md	prw_subsampling_implementation_spec.md
R/package_metadata/finished_features/m_out_of_n_bootstrap_implementation_spec.md	public_diagnostics_api_spec.md
R/package_metadata/finished_features/python_bindings_package_spec.md	benchmark_model_fits.md
R/package_metadata/finished_features/sexp_removal_rcppeigen_conversion_spec.md	perf_experiments_final.md
R/package_metadata/new_feature_plans/interval_censored_survival_response_type_report.md	../EDI/R/design_abstract.R
R/package_metadata/new_feature_plans/interval_censored_survival_response_type_report.md	../EDI/R/design_abstract.R
R/package_metadata/new_feature_plans/interval_censored_survival_response_type_report.md	../EDI/R/design_abstract.R
R/package_metadata/new_feature_plans/interval_censored_survival_response_type_report.md	../EDI/R/design_abstract.R
R/package_metadata/new_feature_plans/interval_censored_survival_response_type_report.md	../EDI/R/design_abstract.R
R/package_metadata/new_feature_plans/interval_censored_survival_response_type_report.md	../EDI/R/design_abstract.R
R/package_metadata/new_feature_plans/interval_censored_survival_response_type_report.md	../EDI/R/design_abstract.R
R/package_metadata/new_feature_plans/interval_censored_survival_response_type_report.md	../EDI/R/design_seq_one_by_one_KK21.R
R/package_metadata/new_feature_plans/interval_censored_survival_response_type_report.md	../EDI/R/design_seq_one_by_one_KK21.R
R/package_metadata/new_feature_plans/interval_censored_survival_response_type_report.md	../EDI/R/design_seq_one_by_one_KK21.R
R/package_metadata/new_feature_plans/interval_censored_survival_response_type_report.md	../EDI/R/inference_suite.R
R/package_metadata/new_feature_plans/interval_censored_survival_response_type_report.md	../EDI/R/inference_survival_KK_clayton_copula.R
R/package_metadata/new_feature_plans/interval_censored_survival_response_type_report.md	../EDI/R/inference_survival_KK_lwa_cox_ivwc_abstract.R
R/package_metadata/new_feature_plans/interval_censored_survival_response_type_report.md	../EDI/R/inference_survival_KK_lwa_cox_one_lik_abstract.R
R/package_metadata/new_feature_plans/interval_censored_survival_response_type_report.md	../EDI/R/inference_survival_KK_rank_regr_ivwc_abstract.R
R/package_metadata/new_feature_plans/interval_censored_survival_response_type_report.md	../EDI/R/inference_survival_KK_strat_cox.R
R/package_metadata/new_feature_plans/interval_censored_survival_response_type_report.md	../EDI/R/inference_survival_KK_weibull_frailty.R
R/package_metadata/new_feature_plans/interval_censored_survival_response_type_report.md	../EDI/R/inference_survival_KK_weibull_marginal.R
R/package_metadata/new_feature_plans/interval_censored_survival_response_type_report.md	../EDI/R/inference_survival_coxph.R
R/package_metadata/new_feature_plans/interval_censored_survival_response_type_report.md	../EDI/R/inference_survival_dep_cens_transform.R
R/package_metadata/new_feature_plans/interval_censored_survival_response_type_report.md	../EDI/R/inference_survival_dep_cens_transform.R
R/package_metadata/new_feature_plans/interval_censored_survival_response_type_report.md	../EDI/R/inference_survival_dep_cens_transform.R
R/package_metadata/new_feature_plans/interval_censored_survival_response_type_report.md	../EDI/R/inference_survival_dep_cens_transform.R
R/package_metadata/new_feature_plans/interval_censored_survival_response_type_report.md	../EDI/R/inference_survival_weibull.R
R/package_metadata/new_feature_plans/interval_censored_survival_response_type_report.md	../EDI/R/inference_survival_weibull.R
R/package_metadata/new_feature_plans/interval_censored_survival_response_type_report.md	../EDI/R/simulations_framework.R
R/package_metadata/new_feature_plans/interval_censored_survival_response_type_report.md	../EDI/R/simulations_framework.R
R/package_metadata/new_feature_plans/interval_censored_survival_response_type_report.md	../EDI/R/simulations_framework.R
R/package_metadata/new_feature_plans/interval_censored_survival_response_type_report.md	../EDI/R/simulations_framework.R
R/package_metadata/new_feature_plans/interval_censored_survival_response_type_report.md	../EDI/R/simulations_framework.R
R/package_metadata/new_feature_plans/interval_censored_survival_response_type_report.md	../EDI/R/simulations_framework.R
R/package_metadata/new_feature_plans/l1_l2_penalties_all_likelihood_paths_report.md	/home/kapelner/workspace/EDI/R/EDI/R/inference_count_likelihood.R
R/package_metadata/new_feature_plans/longitudinal_repeated_measures_response_type_report.md	references/response_types_landscape_report.md
R/package_metadata/new_feature_plans/longitudinal_repeated_measures_response_type_report.md	references/response_types_landscape_report.md
R/package_metadata/new_feature_plans/multivariate_response_type_report.md	../EDI/R/design_abstract.R:145
R/package_metadata/new_feature_plans/multivariate_response_type_report.md	../EDI/R/design_abstract.R:200
R/package_metadata/new_feature_plans/multivariate_response_type_report.md	../EDI/R/design_abstract.R:495
R/package_metadata/new_feature_plans/multivariate_response_type_report.md	../EDI/R/design_abstract.R:94
R/package_metadata/new_feature_plans/multivariate_response_type_report.md	../EDI/R/design_seq_one_by_one_KK21.R:253
R/package_metadata/new_feature_plans/multivariate_response_type_report.md	../EDI/R/inference_all_abstract.R:592
R/package_metadata/new_feature_plans/multivariate_response_type_report.md	../EDI/R/inference_all_abstract_asymp_lik_std_mod_cache.R:6
R/package_metadata/new_feature_plans/multivariate_response_type_report.md	../EDI/R/inference_suite.R:110
R/package_metadata/new_feature_plans/multivariate_response_type_report.md	../EDI/R/simulation_framework_report.R:83
R/package_metadata/new_feature_plans/multivariate_response_type_report.md	../EDI/R/simulations_framework.R:105
R/package_metadata/new_feature_plans/multivariate_response_type_report.md	../EDI/R/simulations_framework.R:126
R/package_metadata/new_feature_plans/multivariate_response_type_report.md	../EDI/R/simulations_framework.R:3106
R/package_metadata/new_feature_plans/multivariate_response_type_report.md	../EDI/R/simulations_framework.R:3106
R/package_metadata/new_feature_plans/multivariate_response_type_report.md	../EDI/R/simulations_framework.R:329
R/package_metadata/new_feature_plans/multivariate_response_type_report.md	../EDI/R/simulations_framework.R:625
R/package_metadata/new_feature_plans/multivariate_response_type_report.md	references/response_types_landscape_report.md
R/package_metadata/new_feature_plans/ordinal_gee_cpp_kernel_spec.md	../EDI/R/inference_mixin_kk_gee_shared.R
R/package_metadata/new_feature_plans/ordinal_gee_cpp_kernel_spec.md	../EDI/R/inference_ordinal_KK_combined.R
R/package_metadata/new_feature_plans/ordinal_gee_cpp_kernel_spec.md	../EDI/src/fast_gee.cpp
R/package_metadata/new_feature_plans/ordinal_gee_cpp_kernel_spec.md	../EDI/src/fast_ordinal_regression.cpp
R/package_metadata/new_feature_plans/ordinal_gee_cpp_kernel_spec.md	../EDI/src/ordinal_fixed_link_helpers.h
R/package_metadata/new_feature_plans/ordinal_gee_cpp_kernel_spec.md	../package_tests/path_audits_source.R
R/package_metadata/new_feature_plans/prw_subsampling_implementation_spec.md	../package_tests/path_audit_hardening_report.md
R/package_metadata/new_feature_plans/prw_subsampling_implementation_spec.md	m_out_of_n_bootstrap_implementation_spec.md
R/package_metadata/new_feature_plans/prw_subsampling_implementation_spec.md	m_out_of_n_bootstrap_implementation_spec.md
R/package_metadata/new_feature_plans/public_diagnostics_api_spec.md	../package_tests/path_audit_hardening_report.md
R/package_metadata/new_feature_plans/quantile_regression_cpp_kernel_spec.md	../package_tests/path_audits_source.R
R/package_metadata/new_feature_plans/rank_choice_response_type_report.md	references/response_types_landscape_report.md
R/package_metadata/new_feature_plans/rank_choice_response_type_report.md	references/response_types_landscape_report.md
R/package_metadata/new_feature_plans/rank_choice_response_type_report.md	references/response_types_landscape_report.md:641
R/package_metadata/new_feature_plans/rank_choice_response_type_report.md	references/response_types_landscape_report.md:641
R/package_metadata/new_feature_plans/robust_regression_perf_optimization_spec.md	../EDI/R/inference_continuous_robust_regr.R
R/package_metadata/new_feature_plans/robust_regression_perf_optimization_spec.md	../EDI/src/_helper_functions.h
R/package_metadata/new_feature_plans/robust_regression_perf_optimization_spec.md	../EDI/src/fast_robust_regression.cpp
R/package_metadata/new_feature_plans/robust_regression_perf_optimization_spec.md	../package_tests/path_audits_source.R
R/package_metadata/new_feature_plans/robust_regression_perf_optimization_spec.md	perf_experiments_final.md
R/package_metadata/new_feature_plans/semi_continuous_response_type_report.md	references/response_types_landscape_report.md
