"tier","category","dataset","source","version","license","n","n_raw","p","p_approx","p_raw","w_column","n_outcomes","response_types","binary_only","has_survival","primary_outcome","primary_outcome_type","primary_outcome_censoring","secondary_outcome","secondary_outcome_type","secondary_outcome_censoring","censoring_raw","response_variable_raw","response_type_raw","group_assignment","group_assignment_confidence","description","pct_missing_covariate_rows","n_covariate_cols_used","missingness_note"
"Core","Causal inference","nhefs","CRAN: causaldata","0.1.5","MIT",1566,"1,566",20,TRUE,"~20","qsmk (quit smoking yes/no)",1,"continuous",FALSE,FALSE,"wt82_71","continuous","n/a",,,,"n/a","wt82_71","continuous","Self-selected smoking cessation between two NHANES follow-up waves","high","Hernán & Robins' ""Causal Inference"" textbook flagship dataset: weight change 1971-1982 by smoking-cessation status",97.3,65,
"Core","Causal inference","cps_mixtape","CRAN: causaldata","0.1.5","MIT",15992,"15,992",10,TRUE,"~10","treat (NSW job-training participant vs. CPS comparison)",1,"continuous",FALSE,FALSE,"re78","continuous","n/a",,,,"n/a","re78","continuous","Self-selected program participation; CPS survey respondents as non-experimental comparison group","high","Non-experimental CPS comparison group for the LaLonde (1986) job-training literature — the observational counterpart to experimental_datasets.md's lalonde.exp",0,9,
"Core","Medicine","nafld1","CRAN: survival","3.8.6","LGPL (>= 2)",17549,"17,549",6,TRUE,"~6","case (NAFLD diagnosis yes/no, 4 matched controls per case)",1,"survival",FALSE,TRUE,"futime/status","survival","right",,,,"right","futime/status","survival","Population-based registry match (Olmsted County); NAFLD status is a clinical diagnosis, not assigned","high","Non-alcoholic fatty liver disease population cohort followed 1997-2014 for mortality/metabolic/cardiac endpoints",28.27,7,
"Core","Medicine","flchain","CRAN: survival","3.8.6","LGPL (>= 2)",7874,"7,874",6,TRUE,"~6","sex",1,"survival",FALSE,TRUE,"futime/death","survival","right",,,,"right","futime/death","survival","Naturally occurring demographic trait","high","Mayo Clinic serum free-light-chain assay cohort; relationship between FLC level and mortality in a population-based sample aged 50+",75.08,8,
"Core","Medicine","mgus2","CRAN: survival","3.8.6","LGPL (>= 2)",1341,"1,341",7,TRUE,"~7","sex",1,"survival",FALSE,TRUE,"futime/death","survival","right",,,,"right","futime/death (competing: ptime/pstat for progression to malignancy)","survival","Naturally occurring demographic trait","high","Natural-history follow-up of monoclonal gammopathy (MGUS) patients, competing risks of malignant progression vs. death",3.32,8,
"Core","Medicine","rotterdam","CRAN: survival","3.8.6","LGPL (>= 2)",2982,"2,982",10,TRUE,"~10","hormon (hormonal therapy yes/no)",1,"survival",FALSE,TRUE,"dtime/death","survival","right",,,,"right","dtime/death (and rtime/recur)","survival","Clinical indication, not randomized","high","Rotterdam Tumor Bank breast-cancer surgical cohort (1978-1993), hormonal therapy use and prognostic markers",0,12,
"Core","Medicine","gbsg","CRAN: survival","3.8.6","LGPL (>= 2)",686,"686",7,TRUE,"~7","hormon",1,"survival",FALSE,TRUE,"rfstime/status","survival","right",,,,"right","rfstime/status","survival","Clinical indication, not randomized","high","German Breast Cancer Study Group node-positive registry, hormone-receptor and therapy status",0,8,
"Core","Medicine","heart","CRAN: survival","3.8.6","LGPL (>= 2)",103,"103",4,TRUE,"~4","transplant (received a heart transplant yes/no)",1,"survival",FALSE,TRUE,"start/stop/event","survival","right",,,,"right","start/stop/event","survival","Organ-availability waiting list, not randomized","high","Stanford Heart Transplant program waiting-list cohort — the classic textbook example of a time-dependent, non-randomized treatment indicator",0,4,
"Core","Medicine","lung","CRAN: survival","3.8.6","LGPL (>= 2)",228,"228",5,TRUE,"~5","sex",1,"survival",FALSE,TRUE,"time/status","survival","right",,,,"right","time/status","survival","Naturally occurring demographic trait","high","NCCTG advanced lung-cancer cohort (the shipped extract carries no randomized treatment-arm column — only demographic/performance covariates)",26.75,7,
"Core","Medicine","bmt","CRAN: KMsurv","0.1-5","GPL (>= 2)",137,"137",4,TRUE,"~4","group (graft/disease risk category: ALL vs. AML-low-risk vs. AML-high-risk, usable as a 2-level subset)",1,"survival",FALSE,TRUE,"multiple disease-free-survival t2/d3","survival","right",,,,"right","multiple disease-free-survival t2/d3","survival","Clinical risk classification at transplant, not randomized","high","Bone-marrow-transplant recovery cohort, patient risk stratification and relapse-free survival",0,20,
"Core","Medicine","kidney","CRAN: KMsurv","0.1-5","GPL (>= 2)",119,"119",1,TRUE,"~1","type (surgically placed vs. percutaneous catheter)",1,"survival",FALSE,TRUE,"time/delta","survival","right",,,,"right","time/delta","survival","Clinical indication, not randomized","high","Dialysis-patient cohort, catheter placement method and time to first catheter-related infection",,0,"no covariate columns in dataset (only treatment/outcome columns present)"
"Core","Medicine","kidtran","CRAN: KMsurv","0.1-5","GPL (>= 2)",863,"863",3,TRUE,"~3","gender",1,"survival",FALSE,TRUE,"time/delta","survival","right",,,,"right","time/delta","survival","Naturally occurring demographic trait","high","Kidney-transplant recipient cohort, demographic covariates and time to death",0,3,
"Core","Medicine","larynx","CRAN: KMsurv","0.1-5","GPL (>= 2)",90,"90",2,TRUE,"~2","stage (recode to 2 levels, e.g. I-II vs. III-IV)",1,"survival",FALSE,TRUE,"time/delta","survival","right",,,,"right","time/delta","survival","Clinical disease stage at diagnosis, not randomized","high","Larynx-cancer cohort, disease stage and time to death",0,2,
"Core","Medicine","hodg","CRAN: KMsurv","0.1-5","GPL (>= 2)",43,"43",2,TRUE,"~2","gtype (allogeneic vs. autologous graft)",1,"survival",FALSE,TRUE,"time/delta","survival","right",,,,"right","time/delta","survival","Donor-availability/clinical decision, not randomized","high","Lymphoma graft-recipient cohort, graft type and time to death/relapse",0,3,
"Core","Medicine","alloauto","CRAN: KMsurv","0.1-5","GPL (>= 2)",90,"90",1,TRUE,"~1","type (allogeneic vs. autologous)",1,"survival",FALSE,TRUE,"time/delta","survival","right",,,,"right","time/delta","survival","Donor-availability/clinical decision, not randomized","high","Leukemia graft-recipient cohort, graft type and leukemia-free survival",,0,"no covariate columns in dataset (only treatment/outcome columns present)"
"Core","Medicine","tongue","CRAN: KMsurv","0.1-5","GPL (>= 2)",80,"80",1,TRUE,"~1","type (tumor DNA profile: aneuploid vs. diploid)",1,"survival",FALSE,TRUE,"time/delta","survival","right",,,,"right","time/delta","survival","Naturally occurring tumor biology, not assigned","high","Tongue-cancer cohort, tumor DNA ploidy and time to death",,0,"no covariate columns in dataset (only treatment/outcome columns present)"
"Core","Medicine","allograft","CRAN: KMsurv","0.1-5","GPL (>= 2)",34,"34",1,TRUE,"~1","match (HLA skin-match yes/no)",1,"survival",FALSE,TRUE,"time/rejection","survival","right",,,,"right","time/rejection","survival","Naturally occurring immunological fact, not assigned","high","Graft cohort, HLA tissue-match status and time to rejection",0,1,
"Core","Medicine","std","CRAN: KMsurv","0.1-5","GPL (>= 2)",877,"877",8,TRUE,"~8","race (or other recorded exposure)",1,"survival",FALSE,TRUE,"time/rinfct","survival","right + interval",,,,"right + interval (periodic clinic follow-up visits)","time/rinfct","survival","Observational STD-clinic cohort","high","Sexually-transmitted-disease cohort, demographic/behavioral covariates and time to reinfection",0,21,
"Core","Medicine","bfeed","CRAN: KMsurv","0.1-5","GPL (>= 2)",927,"927",6,TRUE,"~6","race (or smoke: maternal smoking yes/no)",1,"survival",FALSE,TRUE,"dur/delta","survival","right",,,,"right","dur/delta","survival","Naturally occurring maternal trait, not assigned","high","NLSY maternal cohort, breastfeeding duration by demographic/behavioral covariates",0,7,
"Core","Medicine","burn","CRAN: KMsurv","0.1-5","GPL (>= 2)",154,"154",14,TRUE,"~14","Z1 (bathing care method, before/after institutional protocol change)",1,"survival",FALSE,TRUE,"T3/D3","survival","right",,,,"right","T3/D3","survival","Moderate confidence: before/after institutional protocol change (Ichida et al. 1993), not documented as per-patient randomized — kept but flagged","moderate","Burn-unit cohort, bathing-protocol era and time to staphylococcus infection",0,15,
"Core","Medicine","Melanoma","CRAN: MASS","7.3-65","GPL-2 | GPL-3",205,"205",4,TRUE,"~4","sex",1,"survival",FALSE,TRUE,"time/status","survival","right",,,,"right","time/status","survival","Naturally occurring demographic trait","high","Odense University Hospital malignant-melanoma surgical cohort (1962-1977)",0,4,
"Core","Medicine","Aids2","CRAN: MASS","7.3-65","GPL-2 | GPL-3",2843,"2,843",5,TRUE,"~5","T.categ (recode to 2-level, e.g. blood vs. other transmission route)",1,"survival",FALSE,TRUE,"death/status","survival","right",,,,"right","death/status","survival","Mode of HIV transmission, a recorded fact, not assigned","high","Australian AIDS surveillance registry (diagnoses to end of observation)",0,4,
"Expanded","Medicine","channing","CRAN: boot","1.3-32","Unlimited",462,"462",2,TRUE,"~2","sex",1,"survival",FALSE,TRUE,"time/cens","survival","right",,,,"right","time/cens","survival","Naturally occurring demographic trait","high","Channing House retirement-community mortality cohort (1964-1975), Hyde (1980)",0,2,
"Expanded","Medicine","thoro","CRAN: Epi","2.63","GPL (>= 2)",2470,"2,470",5,TRUE,"~5","contrast (Thorotrast-exposed vs. not)",1,"survival",FALSE,TRUE,"exitdt/exitstat","survival","right",,,,"right","exitdt/exitstat (constructed survival from entry/exit dates)","survival","Historical radiological-contrast exposure, not assigned","high","Cerebral-angiography cohort followed to 1992 for liver cancer/mortality after Thorotrast contrast exposure",94.78,12,
"Expanded","Medicine","melanoma","CRAN: biostat3","2.1","GPL-3",7775,"7,775",5,TRUE,"~5","sex",1,"survival",FALSE,TRUE,"survival time/status","survival","right",,,,"right","survival time/status","survival","Naturally occurring demographic trait","high","Population-based (Swedish) melanoma cancer-registry cohort",0,16,
"Expanded","Medicine","colon","CRAN: biostat3","2.1","GPL-3",15564,"15,564",6,TRUE,"~6","sex",1,"survival",FALSE,TRUE,"survival time/status","survival","right",,,,"right","survival time/status","survival","Naturally occurring demographic trait","high","Population-based colon-cancer registry cohort — distinct from survival::colon, which is a randomized trial already in experimental_datasets.md",0,16,
"Expanded","Medicine","colrec","CRAN: relsurv","2.3-1","GPL (>= 2)",5971,"5,971",4,TRUE,"~4","sex",1,"survival",FALSE,TRUE,"time/stat","survival","right",,,,"right","time/stat","survival","Naturally occurring demographic trait","high","Slovene colon/rectal cancer registry cohort (1994-2000)",0,4,
"Expanded","Medicine","hepatoCellular","CRAN: asaur","1.0-1","GPL-2",227,"227",46,TRUE,"~46","Grade (recode to 2 levels) or BCLC.stage",2,"survival",FALSE,TRUE,"OS/Death","survival","right","RFS/Recurrence","survival","right","right","OS/Death, RFS/Recurrence","survival","Clinical tumor classification, not assigned","high","Hepatocellular-carcinoma cohort with extensive clinical/molecular biomarkers, overall and recurrence-free survival",55.51,44,
"Expanded","Medicine","ashkenazi","CRAN: asaur","1.0-1","GPL-2",3920,"3,920",2,TRUE,"~2","mutant (BRCA mutation carrier yes/no)",1,"survival",FALSE,TRUE,"age/implicit censoring indicator","survival","right",,,,"right","age (current age or age at cancer onset)/implicit censoring indicator","survival","Genetic status, not assigned","high","Ashkenazi Jewish women from BRCA-proband families (Struewing et al.), age-at-breast-cancer-onset by carrier status",0,2,
"Expanded","Public health","diet","CRAN: biostat3","2.1","GPL-3",337,"337",6,TRUE,"~6","job (recode to 2 levels, e.g. driver vs. conductor)",1,"survival",FALSE,TRUE,"person-years/chd","survival","right",,,,"right","person-years/chd","survival","Occupational category, not assigned","high","Morris et al. London-transport-worker cohort, occupational activity level and coronary-heart-disease incidence",1.48,13,
"Core","Medicine","whiteside","CRAN: MASS","7.3-65","GPL-2 | GPL-3",56,"56",1,FALSE,"1","Insul (before vs. after cavity-wall insulation)",1,"continuous",FALSE,FALSE,"Gas","continuous","n/a",,,,"n/a","Gas","continuous","Same-house before/after comparison, not randomized","high","Weekly gas consumption vs. outdoor temperature, before and after insulating one house — a single-unit before/after design, weaker fit for between-subject causal comparison than the rest of this table",0,1,
"Core","Psychiatry","Blackmore","CRAN: carData","3.0-5","GPL (>= 2)",945,"945 (~236 subjects)",2,FALSE,"2","group (eating-disorder patient vs. control)",1,"continuous",FALSE,FALSE,"exercise","continuous","n/a",,,,"n/a","exercise","continuous","Hospital-admission status, not assigned","high","Retrospective exercise-history comparison of hospitalized eating-disorder patients vs. healthy controls",0,2,
"Core","Medicine","Gestation","CRAN: mosaicData","0.20.4","GPL-2",1236,"1,236",10,TRUE,"~10","smoke (maternal smoking yes/no)",2,"continuous",FALSE,FALSE,"wt","continuous","n/a","gestation","continuous","n/a","n/a","wt, gestation","continuous","Self-reported maternal behavior, not assigned","high","Child Health and Development Studies birth cohort (California, 1961-62); birth weight/gestation length by maternal smoking",51.86,20,
"Core","Medicine","birthwt","CRAN: MASS","7.3-65","GPL-2 | GPL-3",189,"189",7,TRUE,"~7","smoke (maternal smoking yes/no)",2,"continuous;incidence",FALSE,FALSE,"bwt","continuous","n/a","low","incidence","n/a","n/a","bwt; low","continuous + incidence","Self-reported maternal behavior, not assigned","high","Baystate Medical Center (1986) low-birth-weight risk-factor study (Hosmer & Lemeshow)",0,7,
"Expanded","Economics","bwght","CRAN: wooldridge","1.4-2","GPL-3",1388,"1,388",6,TRUE,"~6","cigs (recode to smoker yes/no)",1,"continuous",FALSE,FALSE,"bwght","continuous","n/a",,,,"n/a","bwght","continuous","Self-reported maternal behavior, not assigned","high","1988 National Health Interview Survey birth-weight/smoking data (Mullahy 1997), a third, independent cohort from birthwt/Gestation above",14.19,12,
"Core","Medicine","juul2","CRAN: ISwR","1.6","GPL (>= 2)",1339,"1,339",6,TRUE,"~6","sex",1,"continuous",FALSE,FALSE,"igf1","continuous","n/a",,,,"n/a","igf1","continuous","Naturally occurring demographic trait","high","School-age reference sample, insulin-like growth factor by sex and pubertal stage",100,6,
"Core","Medicine","bp.obese","CRAN: ISwR","1.6","GPL (>= 2)",102,"102",2,TRUE,"~2","sex",1,"continuous",FALSE,FALSE,"bp","continuous","n/a",,,,"n/a","bp","continuous","Naturally occurring demographic trait","high","Mexican-American adults, blood pressure by sex and obesity",0,1,
"Core","Economics","Males","CRAN: Ecdat","0.4-2","GPL (>= 2)",3794,"3,794 (~545 subjects, panel)",8,TRUE,"~8","union (union member yes/no)",1,"continuous",FALSE,FALSE,"wage","continuous","n/a",,,,"n/a","wage","continuous","Self-selected union membership, not assigned","high","Vella & Verbeek young-males wage panel, union membership and log wage",28.56,10,
"Expanded","Economics","TeachingRatings","CRAN: AER","1.2-15","GPL-2 | GPL-3",463,"463",5,TRUE,"~5","gender",1,"continuous",FALSE,FALSE,"eval","continuous","n/a",,,,"n/a","eval","continuous","Naturally occurring demographic trait","high","University course/instructor evaluations, instructor gender and student evaluation score",0,10,
"Expanded","Economics","beauty","CRAN: wooldridge","1.4-2","GPL-3",1260,"1,260",8,TRUE,"~8","belavg (looks below average yes/no)",1,"continuous",FALSE,FALSE,"wage","continuous","n/a",,,,"n/a","wage","continuous","Rater-assessed physical trait, not assigned","high","""Beauty and the labor market"" wage study (Hamermesh & Biddle 1994)",0,15,
"Core","Economics","nodal","CRAN: boot","1.3-32","Unlimited",53,"53",4,TRUE,"~4","acid (elevated serum acid phosphatase yes/no)",1,"incidence",TRUE,FALSE,"r","incidence","n/a",,,,"n/a","r (nodal involvement)","incidence","Clinical lab result, not assigned","high","Prostate-cancer staging cohort, serum marker and lymph-node involvement",0,5,
"Core","Medicine","glow500","CRAN: aplore3","0.9","GPL-3",500,"500",12,TRUE,"~12","priorfrac (prior fracture yes/no)",1,"incidence",TRUE,FALSE,"fracture","incidence","n/a",,,,"n/a","fracture","incidence","Clinical history, not assigned","high","GLOW postmenopausal-osteoporosis cohort, prior fracture and one-year fracture risk",0,13,
"Core","Medicine","icu","CRAN: aplore3","0.9","GPL-3",200,"200",18,TRUE,"~18","service (medical vs. surgical admission)",1,"incidence",TRUE,FALSE,"sta","incidence","n/a",,,,"n/a","sta (vital status at discharge)","incidence","Clinical admission category, not assigned","high","ICU admission cohort, service type and hospital-discharge survival",0,20,
"Core","Medicine","burn1000","CRAN: aplore3","0.9","GPL-3",1000,"1,000",6,TRUE,"~6","flame (flame-related burn yes/no)",1,"incidence",TRUE,FALSE,"death","incidence","n/a",,,,"n/a","death","incidence","Mechanism of injury, a recorded fact, not assigned","high","Multi-facility burn-injury cohort, injury mechanism and in-hospital mortality",0,7,
"Core","History","TitanicSurvival","CRAN: carData","3.0-5","GPL (>= 2)",1309,"1,309",2,FALSE,"2","sex",1,"incidence",TRUE,FALSE,"survived","incidence","n/a",,,,"n/a","survived","incidence","Historical fact, not assigned","high","Titanic passenger/crew manifest, sex and survival",20.09,2,
"Expanded","Criminology","Arrests","CRAN: carData","3.0-5","GPL (>= 2)",5226,"5,226",5,TRUE,"~5","colour (recorded race, Black vs. White)",1,"incidence",TRUE,FALSE,"released","incidence","n/a",,,,"n/a","released (released with a summons)","incidence","Recorded demographic trait, not assigned","high","Toronto police drug-arrest records, race and release-with-summons outcome",0,6,
"Expanded","Psychology","Cowles","CRAN: carData","3.0-5","GPL (>= 2)",1421,"1,421",2,TRUE,"~2","sex",1,"incidence",TRUE,FALSE,"volunteer","incidence","n/a",,,,"n/a","volunteer","incidence","Naturally occurring demographic trait","high","Cowles & Davis volunteer-subject-characteristics survey",0,2,
"Core","Finance","Hmda","CRAN: Ecdat","0.4-2","GPL (>= 2)",2381,"2,381",12,TRUE,"~12","s13 (recode of race to 2 levels, Black vs. White)",1,"incidence",TRUE,FALSE,"deny","incidence","n/a",,,,"n/a","deny","incidence","Recorded demographic trait, not assigned","high","Boston Federal Reserve mortgage-lending study, race and loan-denial decision",0.04,12,
"Expanded","Toxicology","amlxray","CRAN: faraway","1.0.9","GPL-2 | GPL-3",83,"83 (balanced matched case-control pairs)",6,TRUE,"~6","Xray (parental/child X-ray exposure yes/no)",1,"incidence",TRUE,FALSE,"case","incidence","n/a",,,,"n/a","case (AML case vs. matched control)","incidence","Recorded exposure history, not assigned","high","Matched case-control study of childhood AML and prenatal/postnatal X-ray exposure",0,11,
"Core","Public health","esoph","base R: datasets","4.5.0","Part of R",88,"88 strata (975 total subjects)",2,FALSE,"2","tobgp (recode to 2 levels, e.g. 0-9g vs. 30g+ daily)",1,"proportion",FALSE,FALSE,"ncases/ncontrols","proportion","n/a",,,,"n/a","ncases/ncontrols","proportion","Matched case-control sampling, not assigned","high","Breslow & Day (1980) Ille-et-Vilaine esophageal-cancer case-control study, aggregated by age/alcohol/tobacco strata",0,2,
"Expanded","Public health","babyfood","CRAN: faraway","1.0.9","GPL-2 | GPL-3",6,"6 strata (1,946 total infants)",1,FALSE,"1","food (recode to 2 levels: breast vs. bottle)",1,"proportion",FALSE,FALSE,"disease/nondisease","proportion","n/a",,,,"n/a","disease/nondisease","proportion","Self-selected maternal feeding choice, not assigned","high","Infant respiratory-disease incidence by feeding method, aggregated by sex",0,1,
"Core","Health economics","DoctorVisits","CRAN: AER","1.2-15","GPL-2 | GPL-3",5190,"5,190",10,TRUE,"~10","gender",1,"count",FALSE,FALSE,"visits","count","n/a",,,,"n/a","visits","count","Naturally occurring demographic trait","high","1977-78 Australian Health Survey, doctor visits by demographic/health covariates",0,10,
"Expanded","Health economics","RecreationDemand","CRAN: AER","1.2-15","GPL-2 | GPL-3",659,"659",6,TRUE,"~6","userfee (holds an annual user fee yes/no)",1,"count",FALSE,FALSE,"trips","count","n/a",,,,"n/a","trips","count","Self-selected fee status, not assigned","high","US recreational boat-trip demand survey",0,6,
"Expanded","Health economics","rwm1984","CRAN: COUNT","1.3.6","GPL (>= 2)",3874,"3,874",7,TRUE,"~7","female",1,"count",FALSE,FALSE,"docvis","count","n/a",,,,"n/a","docvis","count","Naturally occurring demographic trait","high","1984 German Socioeconomic Panel health-care-utilization wave",0,13,
"Expanded","Health economics","medpar","CRAN: COUNT","1.3.6","GPL (>= 2)",1495,"1,495",7,TRUE,"~7","hmo (HMO-insured yes/no)",1,"count",FALSE,FALSE,"los","count","n/a",,,,"n/a","los (length of hospital stay)","count","Self-selected insurance plan, not assigned","high","Arizona Medicare inpatient (Medpar) claims, HMO status and length of stay",0,8,
"Expanded","Health economics","azpro","CRAN: COUNT","1.3.6","GPL (>= 2)",3589,"3,589",4,TRUE,"~4","procedure (CABG vs. PTCA)",1,"count",FALSE,FALSE,"los","count","n/a",,,,"n/a","los","count","Clinician/patient procedure choice, not assigned","high","Arizona cardiac-procedure claims, procedure type and length of hospital stay",0,4,
"Expanded","Ecology","fishing","CRAN: COUNT","1.3.6","GPL (>= 2)",147,"147",3,TRUE,"~3","period (pre- vs. post-1990)",1,"count",FALSE,FALSE,"totabund","count","n/a",,,,"n/a","totabund","count","Before/after natural policy variation, not assigned","high","NMFS fishery-survey counts, pre- vs. post-1990 total catch abundance",0,5,
"Core","Science","bioChemists","CRAN: pscl","1.5.9","GPL-2 | GPL-3",915,"915",4,TRUE,"~4","fem (gender)",1,"count",FALSE,FALSE,"art","count","n/a",,,,"n/a","art","count","Naturally occurring demographic trait","high","NSF survey of PhD biochemists, gender and publication-article count",0,4,
"Expanded","Education","quine","CRAN: MASS","7.3-65","GPL-2 | GPL-3",146,"146",3,TRUE,"~3","Lrn (average vs. slow learner)",1,"count",FALSE,FALSE,"Days","count","n/a",,,,"n/a","Days","count","Recorded student characteristic, not assigned","high","Australian school-absenteeism study, learner type and days absent",0,3,
"Expanded","Ecology","Salamanders","CRAN: glmmTMB","1.1.12","AGPL-3",644,"644",3,TRUE,"~3","mined (site previously mined yes/no)",1,"count",FALSE,FALSE,"count","count","n/a",,,,"n/a","count","count","Naturally occurring site history, not assigned","high","Appalachian stream-salamander survey, mining history and salamander counts",0,7,
"Core","Economics","Fair","CRAN: Ecdat","0.4-2","GPL (>= 2)",601,"601",7,TRUE,"~7","sex",2,"count;ordinal",FALSE,FALSE,"nbaffairs","count","n/a","rate","ordinal","n/a","n/a","nbaffairs; rate (marriage rating)","count + ordinal","Naturally occurring demographic trait","high","Fair's (1978) extramarital-affairs survey, sex and self-reported affair count/marriage satisfaction",0,6,
"Core","Medicine","retinopathy","CRAN: catdata","1.2.4","GPL-2",613,"613",3,TRUE,"~3","SM (smoker yes/no)",1,"ordinal",FALSE,FALSE,"RET","ordinal","n/a",,,,"n/a","RET","ordinal","Self-reported behavior, not assigned","high","Type-1-diabetic cohort, smoking status and retinopathy severity stage (3 levels)",0,3,
"Core","Sociology","housing","CRAN: MASS","7.3-65","GPL-2 | GPL-3",72,"72 (aggregated frequency table)",2,FALSE,"2","Cont (low vs. high resident contact)",1,"ordinal",FALSE,FALSE,"Sat","ordinal","n/a",,,,"n/a","Sat","ordinal","Housing-estate assignment pre-existing the survey, not assigned by researchers","high","Copenhagen Housing Conditions Survey, resident contact level and satisfaction (3 levels)",0,3,
"Core","Economics","Mathlevel","CRAN: Ecdat","0.4-2","GPL (>= 2)",1758,"1,758",4,TRUE,"~4","sex",2,"ordinal;continuous",FALSE,FALSE,"mathlevel","ordinal","n/a","sat","continuous","n/a","n/a","mathlevel; sat","ordinal + continuous","Naturally occurring demographic trait","high","College-entry math-placement study, sex and math level/SAT score",0,5,
